image,label
clericalScript_一.png,clericalScript
clericalScript_丁.png,clericalScript
clericalScript_万.png,clericalScript
clericalScript_上.png,clericalScript
clericalScript_下.png,clericalScript
clericalScript_不.png,clericalScript
clericalScript_与.png,clericalScript
clericalScript_且.png,clericalScript
clericalScript_世.png,clericalScript
clericalScript_丙.png,clericalScript
clericalScript_业.png,clericalScript
clericalScript_东.png,clericalScript
clericalScript_丝.png,clericalScript
clericalScript_两.png,clericalScript
clericalScript_严.png,clericalScript
clericalScript_中.png,clericalScript
clericalScript_临.png,clericalScript
clericalScript_丸.png,clericalScript
clericalScript_丹.png,clericalScript
clericalScript_主.png,clericalScript
clericalScript_丽.png,clericalScript
clericalScript_举.png,clericalScript
clericalScript_乃.png,clericalScript
clericalScript_义.png,clericalScript
clericalScript_之.png,clericalScript
clericalScript_乎.png,clericalScript
clericalScript_乐.png,clericalScript
clericalScript_九.png,clericalScript
clericalScript_也.png,clericalScript
clericalScript_习.png,clericalScript
clericalScript_书.png,clericalScript
clericalScript_事.png,clericalScript
clericalScript_二.png,clericalScript
clericalScript_云.png,clericalScript
clericalScript_五.png,clericalScript
clericalScript_亡.png,clericalScript
clericalScript_交.png,clericalScript
clericalScript_亦.png,clericalScript
clericalScript_亭.png,clericalScript
clericalScript_人.png,clericalScript
clericalScript_从.png,clericalScript
clericalScript_仕.png,clericalScript
clericalScript_仙.png,clericalScript
clericalScript_令.png,clericalScript
clericalScript_以.png,clericalScript
clericalScript_仰.png,clericalScript
clericalScript_伐.png,clericalScript
clericalScript_优.png,clericalScript
clericalScript_传.png,clericalScript
clericalScript_伤.png,clericalScript
clericalScript_伦.png,clericalScript
clericalScript_伯.png,clericalScript
clericalScript_似.png,clericalScript
clericalScript_位.png,clericalScript
clericalScript_体.png,clericalScript
clericalScript_何.png,clericalScript
clericalScript_余.png,clericalScript
clericalScript_佳.png,clericalScript
clericalScript_使.png,clericalScript
clericalScript_侈.png,clericalScript
clericalScript_侍.png,clericalScript
clericalScript_侠.png,clericalScript
clericalScript_俊.png,clericalScript
clericalScript_俗.png,clericalScript
clericalScript_修.png,clericalScript
clericalScript_倾.png,clericalScript
clericalScript_傅.png,clericalScript
clericalScript_催.png,clericalScript
clericalScript_僚.png,clericalScript
clericalScript_儿.png,clericalScript
clericalScript_兄.png,clericalScript
clericalScript_充.png,clericalScript
clericalScript_光.png,clericalScript
clericalScript_克.png,clericalScript
clericalScript_入.png,clericalScript
clericalScript_八.png,clericalScript
clericalScript_公.png,clericalScript
clericalScript_兴.png,clericalScript
clericalScript_兵.png,clericalScript
clericalScript_其.png,clericalScript
clericalScript_具.png,clericalScript
clericalScript_典.png,clericalScript
clericalScript_兹.png,clericalScript
clericalScript_养.png,clericalScript
clericalScript_内.png,clericalScript
clericalScript_冈.png,clericalScript
clericalScript_军.png,clericalScript
clericalScript_农.png,clericalScript
clericalScript_冠.png,clericalScript
clericalScript_冬.png,clericalScript
clericalScript_凉.png,clericalScript
clericalScript_凋.png,clericalScript
clericalScript_凌.png,clericalScript
clericalScript_几.png,clericalScript
clericalScript_出.png,clericalScript
clericalScript_分.png,clericalScript
clericalScript_切.png,clericalScript
clericalScript_刑.png,clericalScript
clericalScript_列.png,clericalScript
clericalScript_则.png,clericalScript
clericalScript_初.png,clericalScript
clericalScript_别.png,clericalScript
clericalScript_刻.png,clericalScript
clericalScript_剑.png,clericalScript
clericalScript_力.png,clericalScript
clericalScript_功.png,clericalScript
clericalScript_务.png,clericalScript
clericalScript_动.png,clericalScript
clericalScript_助.png,clericalScript
clericalScript_劭.png,clericalScript
clericalScript_劳.png,clericalScript
clericalScript_勉.png,clericalScript
clericalScript_化.png,clericalScript
clericalScript_匡.png,clericalScript
clericalScript_匪.png,clericalScript
clericalScript_千.png,clericalScript
clericalScript_升.png,clericalScript
clericalScript_华.png,clericalScript
clericalScript_卑.png,clericalScript
clericalScript_南.png,clericalScript
clericalScript_卿.png,clericalScript
clericalScript_历.png,clericalScript
clericalScript_厥.png,clericalScript
clericalScript_去.png,clericalScript
clericalScript_县.png,clericalScript
clericalScript_友.png,clericalScript
clericalScript_叔.png,clericalScript
clericalScript_叛.png,clericalScript
clericalScript_口.png,clericalScript
clericalScript_古.png,clericalScript
clericalScript_可.png,clericalScript
clericalScript_史.png,clericalScript
clericalScript_右.png,clericalScript
clericalScript_叶.png,clericalScript
clericalScript_号.png,clericalScript
clericalScript_合.png,clericalScript
clericalScript_吊.png,clericalScript
clericalScript_同.png,clericalScript
clericalScript_名.png,clericalScript
clericalScript_后.png,clericalScript
clericalScript_听.png,clericalScript
clericalScript_启.png,clericalScript
clericalScript_吹.png,clericalScript
clericalScript_周.png,clericalScript
clericalScript_命.png,clericalScript
clericalScript_和.png,clericalScript
clericalScript_咏.png,clericalScript
clericalScript_咸.png,clericalScript
clericalScript_哉.png,clericalScript
clericalScript_唐.png,clericalScript
clericalScript_唱.png,clericalScript
clericalScript_嗣.png,clericalScript
clericalScript_嘉.png,clericalScript
clericalScript_器.png,clericalScript
clericalScript_四.png,clericalScript
clericalScript_回.png,clericalScript
clericalScript_园.png,clericalScript
clericalScript_困.png,clericalScript
clericalScript_国.png,clericalScript
clericalScript_图.png,clericalScript
clericalScript_土.png,clericalScript
clericalScript_圣.png,clericalScript
clericalScript_地.png,clericalScript
clericalScript_场.png,clericalScript
clericalScript_坚.png,clericalScript
clericalScript_坟.png,clericalScript
clericalScript_垂.png,clericalScript
clericalScript_垣.png,clericalScript
clericalScript_城.png,clericalScript
clericalScript_基.png,clericalScript
clericalScript_增.png,clericalScript
clericalScript_墨.png,clericalScript
clericalScript_壁.png,clericalScript
clericalScript_士.png,clericalScript
clericalScript_声.png,clericalScript
clericalScript_处.png,clericalScript
clericalScript_夏.png,clericalScript
clericalScript_夕.png,clericalScript
clericalScript_外.png,clericalScript
clericalScript_夙.png,clericalScript
clericalScript_多.png,clericalScript
clericalScript_夜.png,clericalScript
clericalScript_大.png,clericalScript
clericalScript_天.png,clericalScript
clericalScript_夫.png,clericalScript
clericalScript_奉.png,clericalScript
clericalScript_女.png,clericalScript
clericalScript_好.png,clericalScript
clericalScript_如.png,clericalScript
clericalScript_妇.png,clericalScript
clericalScript_妙.png,clericalScript
clericalScript_妾.png,clericalScript
clericalScript_始.png,clericalScript
clericalScript_姑.png,clericalScript
clericalScript_姜.png,clericalScript
clericalScript_姿.png,clericalScript
clericalScript_威.png,clericalScript
clericalScript_嫡.png,clericalScript
clericalScript_子.png,clericalScript
clericalScript_字.png,clericalScript
clericalScript_存.png,clericalScript
clericalScript_孝.png,clericalScript
clericalScript_孟.png,clericalScript
clericalScript_孤.png,clericalScript
clericalScript_学.png,clericalScript
clericalScript_孰.png,clericalScript
clericalScript_宁.png,clericalScript
clericalScript_宅.png,clericalScript
clericalScript_宇.png,clericalScript
clericalScript_守.png,clericalScript
clericalScript_安.png,clericalScript
clericalScript_宗.png,clericalScript
clericalScript_定.png,clericalScript
clericalScript_宜.png,clericalScript
clericalScript_实.png,clericalScript
clericalScript_宠.png,clericalScript
clericalScript_宣.png,clericalScript
clericalScript_宫.png,clericalScript
clericalScript_宰.png,clericalScript
clericalScript_宴.png,clericalScript
clericalScript_家.png,clericalScript
clericalScript_容.png,clericalScript
clericalScript_宿.png,clericalScript
clericalScript_寂.png,clericalScript
clericalScript_密.png,clericalScript
clericalScript_富.png,clericalScript
clericalScript_寥.png,clericalScript
clericalScript_寸.png,clericalScript
clericalScript_对.png,clericalScript
clericalScript_寻.png,clericalScript
clericalScript_封.png,clericalScript
clericalScript_射.png,clericalScript
clericalScript_尝.png,clericalScript
clericalScript_尹.png,clericalScript
clericalScript_尺.png,clericalScript
clericalScript_属.png,clericalScript
clericalScript_岁.png,clericalScript
clericalScript_岂.png,clericalScript
clericalScript_岩.png,clericalScript
clericalScript_岫.png,clericalScript
clericalScript_岱.png,clericalScript
clericalScript_岳.png,clericalScript
clericalScript_川.png,clericalScript
clericalScript_州.png,clericalScript
clericalScript_左.png,clericalScript
clericalScript_巧.png,clericalScript
clericalScript_巨.png,clericalScript
clericalScript_己.png,clericalScript
clericalScript_巾.png,clericalScript
clericalScript_市.png,clericalScript
clericalScript_师.png,clericalScript
clericalScript_帝.png,clericalScript
clericalScript_带.png,clericalScript
clericalScript_席.png,clericalScript
clericalScript_帷.png,clericalScript
clericalScript_常.png,clericalScript
clericalScript_平.png,clericalScript
clericalScript_年.png,clericalScript
clericalScript_并.png,clericalScript
clericalScript_幸.png,clericalScript
clericalScript_广.png,clericalScript
clericalScript_庄.png,clericalScript
clericalScript_庆.png,clericalScript
clericalScript_床.png,clericalScript
clericalScript_府.png,clericalScript
clericalScript_庭.png,clericalScript
clericalScript_庶.png,clericalScript
clericalScript_康.png,clericalScript
clericalScript_庸.png,clericalScript
clericalScript_廉.png,clericalScript
clericalScript_廊.png,clericalScript
clericalScript_建.png,clericalScript
clericalScript_弁.png,clericalScript
clericalScript_异.png,clericalScript
clericalScript_弊.png,clericalScript
clericalScript_引.png,clericalScript
clericalScript_弗.png,clericalScript
clericalScript_弟.png,clericalScript
clericalScript_张.png,clericalScript
clericalScript_弦.png,clericalScript
clericalScript_弱.png,clericalScript
clericalScript_归.png,clericalScript
clericalScript_当.png,clericalScript
clericalScript_形.png,clericalScript
clericalScript_彼.png,clericalScript
clericalScript_徊.png,clericalScript
clericalScript_律.png,clericalScript
clericalScript_得.png,clericalScript
clericalScript_徘.png,clericalScript
clericalScript_御.png,clericalScript
clericalScript_微.png,clericalScript
clericalScript_德.png,clericalScript
clericalScript_心.png,clericalScript
clericalScript_必.png,clericalScript
clericalScript_忘.png,clericalScript
clericalScript_怀.png,clericalScript
clericalScript_思.png,clericalScript
clericalScript_性.png,clericalScript
clericalScript_恃.png,clericalScript
clericalScript_恐.png,clericalScript
clericalScript_恬.png,clericalScript
clericalScript_恭.png,clericalScript
clericalScript_息.png,clericalScript
clericalScript_恻.png,clericalScript
clericalScript_悦.png,clericalScript
clericalScript_悬.png,clericalScript
clericalScript_悲.png,clericalScript
clericalScript_情.png,clericalScript
clericalScript_惊.png,clericalScript
clericalScript_惟.png,clericalScript
clericalScript_惠.png,clericalScript
clericalScript_惧.png,clericalScript
clericalScript_想.png,clericalScript
clericalScript_惶.png,clericalScript
clericalScript_意.png,clericalScript
clericalScript_感.png,clericalScript
clericalScript_慈.png,clericalScript
clericalScript_慎.png,clericalScript
clericalScript_慕.png,clericalScript
clericalScript_戎.png,clericalScript
clericalScript_成.png,clericalScript
clericalScript_我.png,clericalScript
clericalScript_戚.png,clericalScript
clericalScript_户.png,clericalScript
clericalScript_房.png,clericalScript
clericalScript_所.png,clericalScript
clericalScript_扇.png,clericalScript
clericalScript_才.png,clericalScript
clericalScript_执.png,clericalScript
clericalScript_承.png,clericalScript
clericalScript_投.png,clericalScript
clericalScript_抗.png,clericalScript
clericalScript_招.png,clericalScript
clericalScript_拜.png,clericalScript
clericalScript_拱.png,clericalScript
clericalScript_持.png,clericalScript
clericalScript_指.png,clericalScript
clericalScript_捕.png,clericalScript
clericalScript_据.png,clericalScript
clericalScript_接.png,clericalScript
clericalScript_推.png,clericalScript
clericalScript_摄.png,clericalScript
clericalScript_摩.png,clericalScript
clericalScript_收.png,clericalScript
clericalScript_政.png,clericalScript
clericalScript_故.png,clericalScript
clericalScript_效.png,clericalScript
clericalScript_敕.png,clericalScript
clericalScript_敢.png,clericalScript
clericalScript_散.png,clericalScript
clericalScript_敦.png,clericalScript
clericalScript_斡.png,clericalScript
clericalScript_斩.png,clericalScript
clericalScript_斯.png,clericalScript
clericalScript_方.png,clericalScript
clericalScript_旁.png,clericalScript
clericalScript_既.png,clericalScript
clericalScript_日.png,clericalScript
clericalScript_旧.png,clericalScript
clericalScript_时.png,clericalScript
clericalScript_旷.png,clericalScript
clericalScript_昃.png,clericalScript
clericalScript_昆.png,clericalScript
clericalScript_明.png,clericalScript
clericalScript_星.png,clericalScript
clericalScript_映.png,clericalScript
clericalScript_是.png,clericalScript
clericalScript_昼.png,clericalScript
clericalScript_晋.png,clericalScript
clericalScript_晖.png,clericalScript
clericalScript_晚.png,clericalScript
clericalScript_景.png,clericalScript
clericalScript_暑.png,clericalScript
clericalScript_曜.png,clericalScript
clericalScript_曦.png,clericalScript
clericalScript_曲.png,clericalScript
clericalScript_最.png,clericalScript
clericalScript_月.png,clericalScript
clericalScript_有.png,clericalScript
clericalScript_朗.png,clericalScript
clericalScript_木.png,clericalScript
clericalScript_本.png,clericalScript
clericalScript_机.png,clericalScript
clericalScript_李.png,clericalScript
clericalScript_杜.png,clericalScript
clericalScript_束.png,clericalScript
clericalScript_条.png,clericalScript
clericalScript_杯.png,clericalScript
clericalScript_杷.png,clericalScript
clericalScript_松.png,clericalScript
clericalScript_极.png,clericalScript
clericalScript_果.png,clericalScript
clericalScript_枝.png,clericalScript
clericalScript_染.png,clericalScript
clericalScript_柰.png,clericalScript
clericalScript_根.png,clericalScript
clericalScript_棠.png,clericalScript
clericalScript_植.png,clericalScript
clericalScript_楚.png,clericalScript
clericalScript_楼.png,clericalScript
clericalScript_横.png,clericalScript
clericalScript_欢.png,clericalScript
clericalScript_欲.png,clericalScript
clericalScript_歌.png,clericalScript
clericalScript_止.png,clericalScript
clericalScript_步.png,clericalScript
clericalScript_殆.png,clericalScript
clericalScript_殊.png,clericalScript
clericalScript_殷.png,clericalScript
clericalScript_殿.png,clericalScript
clericalScript_毁.png,clericalScript
clericalScript_毂.png,clericalScript
clericalScript_母.png,clericalScript
clericalScript_每.png,clericalScript
clericalScript_比.png,clericalScript
clericalScript_毛.png,clericalScript
clericalScript_民.png,clericalScript
clericalScript_气.png,clericalScript
clericalScript_水.png,clericalScript
clericalScript_永.png,clericalScript
clericalScript_求.png,clericalScript
clericalScript_汉.png,clericalScript
clericalScript_池.png,clericalScript
clericalScript_汤.png,clericalScript
clericalScript_沉.png,clericalScript
clericalScript_沙.png,clericalScript
clericalScript_沛.png,clericalScript
clericalScript_河.png,clericalScript
clericalScript_治.png,clericalScript
clericalScript_法.png,clericalScript
clericalScript_泰.png,clericalScript
clericalScript_泾.png,clericalScript
clericalScript_洁.png,clericalScript
clericalScript_洛.png,clericalScript
clericalScript_洪.png,clericalScript
clericalScript_流.png,clericalScript
clericalScript_济.png,clericalScript
clericalScript_浮.png,clericalScript
clericalScript_海.png,clericalScript
clericalScript_淑.png,clericalScript
clericalScript_淡.png,clericalScript
clericalScript_渊.png,clericalScript
clericalScript_渠.png,clericalScript
clericalScript_温.png,clericalScript
clericalScript_渭.png,clericalScript
clericalScript_游.png,clericalScript
clericalScript_溪.png,clericalScript
clericalScript_满.png,clericalScript
clericalScript_漆.png,clericalScript
clericalScript_潜.png,clericalScript
clericalScript_澄.png,clericalScript
clericalScript_火.png,clericalScript
clericalScript_灭.png,clericalScript
clericalScript_灵.png,clericalScript
clericalScript_炜.png,clericalScript
clericalScript_烛.png,clericalScript
clericalScript_烝.png,clericalScript
clericalScript_烦.png,clericalScript
clericalScript_烹.png,clericalScript
clericalScript_照.png,clericalScript
clericalScript_熟.png,clericalScript
clericalScript_父.png,clericalScript
clericalScript_牒.png,clericalScript
clericalScript_牧.png,clericalScript
clericalScript_物.png,clericalScript
clericalScript_特.png,clericalScript
clericalScript_犊.png,clericalScript
clericalScript_独.png,clericalScript
clericalScript_猷.png,clericalScript
clericalScript_玄.png,clericalScript
clericalScript_率.png,clericalScript
clericalScript_玉.png,clericalScript
clericalScript_王.png,clericalScript
clericalScript_玑.png,clericalScript
clericalScript_玩.png,clericalScript
clericalScript_环.png,clericalScript
clericalScript_珍.png,clericalScript
clericalScript_珠.png,clericalScript
clericalScript_瑟.png,clericalScript
clericalScript_璇.png,clericalScript
clericalScript_璧.png,clericalScript
clericalScript_甚.png,clericalScript
clericalScript_生.png,clericalScript
clericalScript_用.png,clericalScript
clericalScript_田.png,clericalScript
clericalScript_甲.png,clericalScript
clericalScript_男.png,clericalScript
clericalScript_画.png,clericalScript
clericalScript_疏.png,clericalScript
clericalScript_疲.png,clericalScript
clericalScript_登.png,clericalScript
clericalScript_白.png,clericalScript
clericalScript_百.png,clericalScript
clericalScript_皆.png,clericalScript
clericalScript_皇.png,clericalScript
clericalScript_皋.png,clericalScript
clericalScript_益.png,clericalScript
clericalScript_盖.png,clericalScript
clericalScript_盗.png,clericalScript
clericalScript_盘.png,clericalScript
clericalScript_盛.png,clericalScript
clericalScript_盟.png,clericalScript
clericalScript_目.png,clericalScript
clericalScript_直.png,clericalScript
clericalScript_相.png,clericalScript
clericalScript_省.png,clericalScript
clericalScript_真.png,clericalScript
clericalScript_眠.png,clericalScript
clericalScript_眺.png,clericalScript
clericalScript_睦.png,clericalScript
clericalScript_瞻.png,clericalScript
clericalScript_矢.png,clericalScript
clericalScript_知.png,clericalScript
clericalScript_矩.png,clericalScript
clericalScript_短.png,clericalScript
clericalScript_石.png,clericalScript
clericalScript_碑.png,clericalScript
clericalScript_碣.png,clericalScript
clericalScript_磨.png,clericalScript
clericalScript_礼.png,clericalScript
clericalScript_祀.png,clericalScript
clericalScript_祜.png,clericalScript
clericalScript_祭.png,clericalScript
clericalScript_祸.png,clericalScript
clericalScript_禄.png,clericalScript
clericalScript_禅.png,clericalScript
clericalScript_禹.png,clericalScript
clericalScript_离.png,clericalScript
clericalScript_秋.png,clericalScript
clericalScript_秦.png,clericalScript
clericalScript_移.png,clericalScript
clericalScript_税.png,clericalScript
clericalScript_稷.png,clericalScript
clericalScript_稽.png,clericalScript
clericalScript_稿.png,clericalScript
clericalScript_穑.png,clericalScript
clericalScript_空.png,clericalScript
clericalScript_立.png,clericalScript
clericalScript_竞.png,clericalScript
clericalScript_章.png,clericalScript
clericalScript_端.png,clericalScript
clericalScript_竹.png,clericalScript
clericalScript_笋.png,clericalScript
clericalScript_笑.png,clericalScript
clericalScript_笔.png,clericalScript
clericalScript_笙.png,clericalScript
clericalScript_笺.png,clericalScript
clericalScript_等.png,clericalScript
clericalScript_答.png,clericalScript
clericalScript_策.png,clericalScript
clericalScript_筵.png,clericalScript
clericalScript_简.png,clericalScript
clericalScript_箱.png,clericalScript
clericalScript_籍.png,clericalScript
clericalScript_粮.png,clericalScript
clericalScript_精.png,clericalScript
clericalScript_糟.png,clericalScript
clericalScript_糠.png,clericalScript
clericalScript_素.png,clericalScript
clericalScript_索.png,clericalScript
clericalScript_紫.png,clericalScript
clericalScript_累.png,clericalScript
clericalScript_縻.png,clericalScript
clericalScript_约.png,clericalScript
clericalScript_纨.png,clericalScript
clericalScript_纳.png,clericalScript
clericalScript_纷.png,clericalScript
clericalScript_纸.png,clericalScript
clericalScript_组.png,clericalScript
clericalScript_终.png,clericalScript
clericalScript_经.png,clericalScript
clericalScript_结.png,clericalScript
clericalScript_给.png,clericalScript
clericalScript_绛.png,clericalScript
clericalScript_绩.png,clericalScript
clericalScript_绮.png,clericalScript
clericalScript_维.png,clericalScript
clericalScript_绵.png,clericalScript
clericalScript_缨.png,clericalScript
clericalScript_罔.png,clericalScript
clericalScript_罗.png,clericalScript
clericalScript_羊.png,clericalScript
clericalScript_羌.png,clericalScript
clericalScript_美.png,clericalScript
clericalScript_羔.png,clericalScript
clericalScript_群.png,clericalScript
clericalScript_羽.png,clericalScript
clericalScript_翔.png,clericalScript
clericalScript_翠.png,clericalScript
clericalScript_翦.png,clericalScript
clericalScript_翳.png,clericalScript
clericalScript_老.png,clericalScript
clericalScript_而.png,clericalScript
clericalScript_耻.png,clericalScript
clericalScript_耽.png,clericalScript
clericalScript_聆.png,clericalScript
clericalScript_职.png,clericalScript
clericalScript_肆.png,clericalScript
clericalScript_肠.png,clericalScript
clericalScript_背.png,clericalScript
clericalScript_腾.png,clericalScript
clericalScript_膳.png,clericalScript
clericalScript_自.png,clericalScript
clericalScript_致.png,clericalScript
clericalScript_舍.png,clericalScript
clericalScript_良.png,clericalScript
clericalScript_艺.png,clericalScript
clericalScript_节.png,clericalScript
clericalScript_芥.png,clericalScript
clericalScript_若.png,clericalScript
clericalScript_英.png,clericalScript
clericalScript_草.png,clericalScript
clericalScript_荒.png,clericalScript
clericalScript_荣.png,clericalScript
clericalScript_荷.png,clericalScript
clericalScript_莫.png,clericalScript
clericalScript_获.png,clericalScript
clericalScript_莽.png,clericalScript
clericalScript_营.png,clericalScript
clericalScript_蒙.png,clericalScript
clericalScript_薄.png,clericalScript
clericalScript_薪.png,clericalScript
clericalScript_藏.png,clericalScript
clericalScript_虚.png,clericalScript
clericalScript_虞.png,clericalScript
clericalScript_虢.png,clericalScript
clericalScript_蚤.png,clericalScript
clericalScript_行.png,clericalScript
clericalScript_衡.png,clericalScript
clericalScript_衣.png,clericalScript
clericalScript_表.png,clericalScript
clericalScript_被.png,clericalScript
clericalScript_裳.png,clericalScript
clericalScript_西.png,clericalScript
clericalScript_要.png,clericalScript
clericalScript_覆.png,clericalScript
clericalScript_见.png,clericalScript
clericalScript_观.png,clericalScript
clericalScript_规.png,clericalScript
clericalScript_觞.png,clericalScript
clericalScript_解.png,clericalScript
clericalScript_言.png,clericalScript
clericalScript_誉.png,clericalScript
clericalScript_讥.png,clericalScript
clericalScript_让.png,clericalScript
clericalScript_论.png,clericalScript
clericalScript_设.png,clericalScript
clericalScript_诗.png,clericalScript
clericalScript_诚.png,clericalScript
clericalScript_诛.png,clericalScript
clericalScript_详.png,clericalScript
clericalScript_诫.png,clericalScript
clericalScript_语.png,clericalScript
clericalScript_诮.png,clericalScript
clericalScript_说.png,clericalScript
clericalScript_诸.png,clericalScript
clericalScript_谁.png,clericalScript
clericalScript_调.png,clericalScript
clericalScript_谈.png,clericalScript
clericalScript_谢.png,clericalScript
clericalScript_谦.png,clericalScript
clericalScript_谨.png,clericalScript
clericalScript_谷.png,clericalScript
clericalScript_豫.png,clericalScript
clericalScript_貌.png,clericalScript
clericalScript_贞.png,clericalScript
clericalScript_贵.png,clericalScript
clericalScript_贻.png,clericalScript
clericalScript_资.png,clericalScript
clericalScript_赏.png,clericalScript
clericalScript_赖.png,clericalScript
clericalScript_赞.png,clericalScript
clericalScript_赤.png,clericalScript
clericalScript_赵.png,clericalScript
clericalScript_起.png,clericalScript
clericalScript_超.png,clericalScript
clericalScript_路.png,clericalScript
clericalScript_践.png,clericalScript
clericalScript_身.png,clericalScript
clericalScript_躬.png,clericalScript
clericalScript_车.png,clericalScript
clericalScript_转.png,clericalScript
clericalScript_轲.png,clericalScript
clericalScript_载.png,clericalScript
clericalScript_辇.png,clericalScript
clericalScript_辞.png,clericalScript
clericalScript_辨.png,clericalScript
clericalScript_辰.png,clericalScript
clericalScript_辱.png,clericalScript
clericalScript_达.png,clericalScript
clericalScript_过.png,clericalScript
clericalScript_运.png,clericalScript
clericalScript_近.png,clericalScript
clericalScript_远.png,clericalScript
clericalScript_连.png,clericalScript
clericalScript_迩.png,clericalScript
clericalScript_迹.png,clericalScript
clericalScript_退.png,clericalScript
clericalScript_逍.png,clericalScript
clericalScript_途.png,clericalScript
clericalScript_通.png,clericalScript
clericalScript_造.png,clericalScript
clericalScript_逼.png,clericalScript
clericalScript_遐.png,clericalScript
clericalScript_道.png,clericalScript
clericalScript_遣.png,clericalScript
clericalScript_遥.png,clericalScript
clericalScript_遵.png,clericalScript
clericalScript_邈.png,clericalScript
clericalScript_邑.png,clericalScript
clericalScript_邙.png,clericalScript
clericalScript_郁.png,clericalScript
clericalScript_郡.png,clericalScript
clericalScript_都.png,clericalScript
clericalScript_酒.png,clericalScript
clericalScript_释.png,clericalScript
clericalScript_重.png,clericalScript
clericalScript_野.png,clericalScript
clericalScript_量.png,clericalScript
clericalScript_金.png,clericalScript
clericalScript_钜.png,clericalScript
clericalScript_钟.png,clericalScript
clericalScript_钧.png,clericalScript
clericalScript_银.png,clericalScript
clericalScript_长.png,clericalScript
clericalScript_门.png,clericalScript
clericalScript_问.png,clericalScript
clericalScript_闰.png,clericalScript
clericalScript_闲.png,clericalScript
clericalScript_闻.png,clericalScript
clericalScript_阙.png,clericalScript
clericalScript_阜.png,clericalScript
clericalScript_阮.png,clericalScript
clericalScript_阳.png,clericalScript
clericalScript_阴.png,clericalScript
clericalScript_阿.png,clericalScript
clericalScript_陈.png,clericalScript
clericalScript_陋.png,clericalScript
clericalScript_陛.png,clericalScript
clericalScript_陟.png,clericalScript
clericalScript_陪.png,clericalScript
clericalScript_陶.png,clericalScript
clericalScript_隐.png,clericalScript
clericalScript_隶.png,clericalScript
clericalScript_难.png,clericalScript
clericalScript_雁.png,clericalScript
clericalScript_雅.png,clericalScript
clericalScript_集.png,clericalScript
clericalScript_霄.png,clericalScript
clericalScript_霜.png,clericalScript
clericalScript_露.png,clericalScript
clericalScript_霸.png,clericalScript
clericalScript_青.png,clericalScript
clericalScript_静.png,clericalScript
clericalScript_非.png,clericalScript
clericalScript_靡.png,clericalScript
clericalScript_面.png,clericalScript
clericalScript_鞠.png,clericalScript
clericalScript_音.png,clericalScript
clericalScript_顿.png,clericalScript
clericalScript_颇.png,clericalScript
clericalScript_颠.png,clericalScript
clericalScript_颡.png,clericalScript
clericalScript_颦.png,clericalScript
clericalScript_飘.png,clericalScript
clericalScript_食.png,clericalScript
clericalScript_饥.png,clericalScript
clericalScript_饫.png,clericalScript
clericalScript_饱.png,clericalScript
clericalScript_首.png,clericalScript
clericalScript_馨.png,clericalScript
clericalScript_驱.png,clericalScript
clericalScript_驹.png,clericalScript
clericalScript_骇.png,clericalScript
clericalScript_骡.png,clericalScript
clericalScript_骧.png,clericalScript
clericalScript_骸.png,clericalScript
clericalScript_魏.png,clericalScript
clericalScript_鱼.png,clericalScript
clericalScript_鳞.png,clericalScript
clericalScript_鸟.png,clericalScript
clericalScript_鸡.png,clericalScript
clericalScript_鸣.png,clericalScript
clericalScript_黄.png,clericalScript
clericalScript_黍.png,clericalScript
clericalScript_黎.png,clericalScript
clericalScript_默.png,clericalScript
clericalScript_黜.png,clericalScript
clericalScript_鼓.png,clericalScript
clericalScript_龙.png,clericalScript
